{
    "entity_type": [
        "人物",
        "行业",
        "业务",
        "产品",
        "研报",
        "机构",
        "风险",
        "文章",
        "指标",
        "品牌"
    ],
    "attrs": {
        "研报": {
            "发布时间": "date",
            "评级": "string",
            "上次评级": "string"
        },
        "机构": {
            "全称": "string",
            "英文名": "string"
        },
        "文章": {
            "发布时间": "date"
        }
    },
    "relationships": [
        [
            "行业",
            "隶属",
            "行业"
        ],
        [
            "机构",
            "属于",
            "行业"
        ],
        [
            "研报",
            "涉及",
            "行业"
        ],
        [
            "行业",
            "拥有",
            "风险"
        ],
        [
            "机构",
            "拥有",
            "风险"
        ],
        [
            "机构",
            "隶属",
            "机构"
        ],
        [
            "机构",
            "投资",
            "机构"
        ],
        [
            "机构",
            "并购",
            "机构"
        ],
        [
            "机构",
            "客户",
            "机构"
        ],
        [
            "人物",
            "任职于",
            "机构"
        ],
        [
            "人物",
            "投资",
            "机构"
        ],
        [
            "研报",
            "涉及",
            "机构"
        ],
        [
            "机构",
            "生产销售",
            "产品"
        ],
        [
            "机构",
            "采购买入",
            "产品"
        ],
        [
            "机构",
            "开展",
            "业务"
        ],
        [
            "机构",
            "拥有",
            "品牌"
        ],
        [
            "产品",
            "属于",
            "品牌"
        ],
        [
            "机构",
            "发布",
            "文章"
        ],
        [
            "研报",
            "采用",
            "指标"
        ]
    ]
}